<?xml version="1.0" encoding="UTF-8" ?>
<XMLDB PATH="blocks/mascot/db" VERSION="20210418" COMMENT="mascot DB v0.1"
    xmlns:xsi="http://www.w3.org/2001/XMLSchema-instance"
    xsi:noNamespaceSchemaLocation="../../../lib/xmldb/xmldb.xsd"
>
  <TABLES>
    <TABLE NAME="mascot" COMMENT="user stat">
      <FIELDS>
        <FIELD NAME="id" TYPE="int" LENGTH="10" NOTNULL="true" SEQUENCE="true"/>
        <FIELD NAME="user_id" TYPE="int" LENGTH="8" NOTNULL="true" SEQUENCE="false"/>
        <FIELD NAME="score" TYPE="int" LENGTH="5" NOTNULL="true" DEFAULT="0" SEQUENCE="false"/>
        <FIELD NAME="balance" TYPE="int" LENGTH="5" NOTNULL="true" DEFAULT="0" SEQUENCE="false"/>
        <FIELD NAME="feed_stat" TYPE="int" LENGTH="1" NOTNULL="true" DEFAULT="1" SEQUENCE="false"/>
        <FIELD NAME="mood_stat" TYPE="int" LENGTH="1" NOTNULL="true" DEFAULT="1" SEQUENCE="false"/>
        <FIELD NAME="foods" TYPE="int" LENGTH="4" NOTNULL="true" DEFAULT="0" SEQUENCE="false"/>
        <FIELD NAME="games" TYPE="int" LENGTH="4" NOTNULL="true" DEFAULT="0" SEQUENCE="false"/>
      </FIELDS>
      <KEYS>
        <KEY NAME="primary" TYPE="primary" FIELDS="id"/>
      </KEYS>
    </TABLE>
    <TABLE NAME="mascot_events" COMMENT="events and cost">
      <FIELDS>
        <FIELD NAME="id" TYPE="int" LENGTH="10" NOTNULL="true" SEQUENCE="true"/>
        <FIELD NAME="sys_event" TYPE="text" NOTNULL="true" SEQUENCE="false"/>
        <FIELD NAME="cost" TYPE="int" LENGTH="2" NOTNULL="true" DEFAULT="1" SEQUENCE="false"/>
      </FIELDS>
      <KEYS>
        <KEY NAME="primary" TYPE="primary" FIELDS="id"/>
      </KEYS>
    </TABLE>
    <TABLE NAME="mascot_log" COMMENT="event and actions">
      <FIELDS>
        <FIELD NAME="id" TYPE="int" LENGTH="10" NOTNULL="true" SEQUENCE="true"/>
        <FIELD NAME="type" TYPE="text" NOTNULL="true" SEQUENCE="false"/>
        <FIELD NAME="user_id" TYPE="int" LENGTH="8" NOTNULL="true" SEQUENCE="false"/>
        <FIELD NAME="type_id" TYPE="int" LENGTH="10" NOTNULL="true" SEQUENCE="false"/>
      </FIELDS>
      <KEYS>
        <KEY NAME="primary" TYPE="primary" FIELDS="id"/>
      </KEYS>
    </TABLE>
    <TABLE NAME="mascot_purchased" COMMENT="purchased available">
      <FIELDS>
        <FIELD NAME="id" TYPE="int" LENGTH="10" NOTNULL="true" SEQUENCE="true"/>
        <FIELD NAME="name" TYPE="text" NOTNULL="true" SEQUENCE="false"/>
        <FIELD NAME="description" TYPE="text" NOTNULL="true" SEQUENCE="false"/>
        <FIELD NAME="cost" TYPE="int" LENGTH="3" NOTNULL="true" DEFAULT="1" SEQUENCE="false"/>
        <FIELD NAME="options" TYPE="text" NOTNULL="false" SEQUENCE="false"/>
      </FIELDS>
      <KEYS>
        <KEY NAME="primary" TYPE="primary" FIELDS="id"/>
      </KEYS>
    </TABLE>
  </TABLES>
</XMLDB>

